Cycle,Capacity_Ah,SOH,SOH_linear_fit
0,37.20271,1.0,0.6973242125616786
1,36.22303,0.9736664345151199,0.6974778658626334
2,35.5893,0.9566319227819693,0.6976315191635882
3,35.10808,0.9436968435901577,0.697785172464543
4,34.76728,0.9345362206140359,0.6979388257654978
5,34.51914,0.9278662764083584,0.6980924790664526
6,34.31969,0.9225051078268223,0.6982461323674073
7,34.17658,0.9186583450506697,0.6983997856683621
8,34.04663,0.9151653199457781,0.6985534389693169
9,34.18753,0.9189526784473496,0.6987070922702717
10,34.07005,0.915794843977764,0.6988607455712265
11,33.97044,0.9131173508596552,0.6990143988721812
12,33.77004,0.9077306465039777,0.699168052173136
13,33.70503,0.9059831931598531,0.6993217054740908
14,33.71014,0.9061205487449705,0.6994753587750456
15,33.74975,0.9071852561278465,0.6996290120760004
16,33.67808,0.9052587835671111,0.6997826653769551
17,33.54328,0.9016353916152883,0.69993631867791
18,33.57989,0.9026194597114027,0.7000899719788647
19,33.41692,0.898238864856888,0.7002436252798195
20,33.54879,0.901783499105307,0.7003972785807743
21,33.48888,0.9001731325486771,0.700550931881729
22,33.46614,0.899561886755024,0.7007045851826839
23,33.30558,0.8952460721275411,0.7008582384836386
24,33.28812,0.8947767514785884,0.7010118917845934
25,33.2665,0.8941956110186596,0.7011655450855482
26,33.38786,0.8974577389657904,0.7013191983865029
27,33.38368,0.8973453815595691,0.7014728516874578
28,33.28306,0.8946407398815838,0.7016265049884125
29,33.095,0.8895857317921193,0.7017801582893674
30,33.05934,0.888627199470146,0.7019338115903221
31,33.00589,0.8871904761776762,0.7020874648912768
32,32.9773,0.8864219837748378,0.7022411181922317
33,32.93551,0.8852986785102482,0.7023947714931864
34,32.89801,0.8842906874257278,0.7025484247941413
35,32.86387,0.8833730123423803,0.702702078095096
36,32.81979,0.8821881524222294,0.7028557313960507
37,32.77469,0.8809758751445794,0.7030093846970056
38,32.79736,0.8815852393548748,0.7031630379979603
39,32.75672,0.8804928458168773,0.703316691298915
40,32.69147,0.8787389413298117,0.7034703445998699
41,32.68127,0.8784647677548221,0.7036239979008246
42,32.66245,0.8779588906292041,0.7037776512017795
43,32.82705,0.8823832994961925,0.7039313045027342
44,32.82064,0.8822110002201451,0.704084957803689
45,32.79373,0.8814876658178932,0.7042386111046438
46,32.57228,0.8755351424667718,0.7043922644055985
47,32.5068,0.8737750556343878,0.7045459177065534
48,32.48595,0.8732146125913945,0.7046995710075081
49,32.62446,0.8769377284611792,0.7048532243084629
50,32.59867,0.8762444993926517,0.7050068776094177
51,32.49097,0.8733495489979088,0.7051605309103725
52,32.36157,0.8698713077622571,0.7053141842113273
53,32.37905,0.8703411660064548,0.705467837512282
54,32.41867,0.8714061421869534,0.7056214908132368
55,32.45003,0.8722490915312351,0.7057751441141916
56,32.40339,0.8709954194197143,0.7059287974151464
57,32.22724,0.8662605492986936,0.7060824507161012
58,32.19196,0.8653122312863767,0.7062361040170559
59,32.14438,0.864033292198337,0.7063897573180107
60,32.30145,0.8682552964555539,0.7065434106189655
61,32.26452,0.867262626835518,0.7066970639199203
62,32.24551,0.866751642555072,0.7068507172208751
63,32.05442,0.8616151887859782,0.7070043705218299
64,32.00996,0.8604201145561707,0.7071580238227846
65,32.00484,0.8602824901734308,0.7073116771237394
66,32.09426,0.8626860785141727,0.7074653304246942
67,32.08527,0.8624444294515103,0.707618983725649
68,32.07209,0.8620901541850042,0.7077726370266038
69,31.86251,0.8564566936118363,0.7079262903275585
70,31.83152,0.8556236897795886,0.7080799436285133
71,31.79246,0.854573766265952,0.7082335969294681
72,31.81887,0.855283660787077,0.7083872502304229
73,31.75775,0.85364076971812,0.7085409035313777
74,31.71534,0.852500799000933,0.7086945568323324
75,31.67409,0.8513920088079604,0.7088482101332872
76,31.63687,0.850391544056871,0.709001863434242
77,31.60067,0.8494184966632806,0.7091555167351968
78,31.61796,0.8498832477526502,0.7093091700361516
79,31.5975,0.8493332878169358,0.7094628233371063
80,31.51869,0.8472148937537076,0.7096164766380612
81,31.49502,0.8465786497811584,0.7097701299390159
82,31.43062,0.8448475930920086,0.7099237832399707
83,31.58672,0.8490435239798391,0.7100774365409255
84,31.55741,0.8482556781481778,0.7102310898418802
85,31.52708,0.8474404149590178,0.7103847431428351
86,31.33172,0.8421891846051,0.7105383964437898
87,31.27287,0.8406073105964592,0.7106920497447446
88,31.28581,0.8409551347200244,0.7108457030456994
89,31.39977,0.8440183524264764,0.7109993563466541
90,31.36125,0.842982943984457,0.711153009647609
91,31.28096,0.840824767873093,0.7113066629485637
92,31.09326,0.83577943649804,0.7114603162495186
93,31.00122,0.833305423180193,0.7116139695504733
94,31.0076,0.8334769160633727,0.711767622851428
95,31.11822,0.8364503553638968,0.7119212761523829
96,31.14519,0.8371753025518839,0.7120749294533376
97,31.11905,0.8364726655665675,0.7122285827542925
98,30.86233,0.8295720930007517,0.7123822360552472
99,30.82642,0.8286068407382149,0.7125358893562019
100,30.71305,0.8255594820914927,0.7126895426571568
101,30.80377,0.8279980141231646,0.7128431959581115
102,30.85673,0.82942156633213,0.7129968492590664
103,30.78594,0.827518747962178,0.7131505025600211
104,30.50536,0.8199768242689847,0.7133041558609758
105,30.47258,0.8190957056623025,0.7134578091619307
106,30.34655,0.8157080492254462,0.7136114624628854
107,30.50999,0.82010127756822,0.7137651157638403
108,30.49051,0.8195776597995146,0.713918769064795
109,30.39563,0.8170273079568665,0.7140724223657497
110,30.19904,0.8117430154953765,0.7142260756667046
111,30.21263,0.8121083114644068,0.7143797289676593
112,30.10972,0.80934211513086,0.7145333822686142
113,30.07405,0.8083833140112642,0.7146870355695689
114,29.95982,0.8053128387690036,0.7148406888705237
115,29.83496,0.8019566316539842,0.7149943421714785
116,29.85543,0.8025068603873211,0.7151479954724332
117,29.72024,0.7988729853282193,0.715301648773388
118,29.60307,0.7957234835849323,0.7154553020743428
119,29.59823,0.7955933855356235,0.7156089553752976
120,29.49157,0.7927263900936248,0.7157626086762524
121,29.43612,0.7912359072766473,0.7159162619772071
122,29.26907,0.7867456429921368,0.7160699152781619
123,29.15116,0.783576250224782,0.7162235685791167
124,29.08011,0.7816664431166439,0.7163772218800715
125,29.22588,0.7855847060603918,0.7165308751810263
126,29.21082,0.7851798968408483,0.716684528481981
127,29.1352,0.7831472492192101,0.7168381817829358
128,28.8959,0.7767149221118569,0.7169918350838906
129,28.75198,0.7728463867282785,0.7171454883848454
130,28.74296,0.7726039312727486,0.7172991416858002
131,28.78606,0.7737624490258908,0.717452794986755
132,28.82256,0.7747435603481574,0.7176064482877097
133,28.63813,0.7697861257956745,0.7177601015886645
134,28.41624,0.7638217753491613,0.7179137548896193
135,28.2444,0.7592027570034547,0.7180674081905741
136,28.20996,0.7582770179914312,0.7182210614915289
137,28.31554,0.7611149832901957,0.7183747147924836
138,28.41683,0.7638376344088912,0.7185283680934385
139,28.21726,0.7584732402558845,0.7186820213943932
140,27.89986,0.7499416037165034,0.718835674695348
141,27.69998,0.7445688768371981,0.7189893279963028
142,27.82582,0.7479514261192262,0.7191429812972575
143,27.89721,0.7498703723465306,0.7192966345982124
144,27.91052,0.7502281419821297,0.7194502878991671
145,27.84268,0.7484046189108267,0.7196039412001219
146,27.46271,0.7381911156472203,0.7197575945010767
147,27.43227,0.7373728956842122,0.7199112478020314
148,27.35127,0.735195634941648,0.7200649011029863
149,27.5592,0.740784743907097,0.720218554403941
150,27.61069,0.7421687828655493,0.7203722077048959
151,27.59251,0.7416801087877738,0.7205258610058506
152,27.09533,0.7283160285903902,0.7206795143068053
153,27.22589,0.7318254503502567,0.7208331676077602
154,27.10729,0.7286375105469466,0.7209868209087149
155,26.99298,0.7255648849237057,0.7211404742096698
156,27.52707,0.7399210971458798,0.7212941275106245
157,27.17517,0.73046210880874,0.7214477808115792
158,26.84469,0.7215788849790781,0.7216014341125341
159,26.86718,0.7221834108321679,0.7217550874134888
160,26.79925,0.7203574685822618,0.7219087407144437
161,26.7404,0.7187755945736211,0.7220623940153984
162,26.75407,0.7191430409236316,0.7222160473163531
163,26.68851,0.7173808037102674,0.722369700617308
164,26.56393,0.714032122928679,0.7225233539182627
165,26.46313,0.711322642893488,0.7226770072192176
166,26.22058,0.7048029565588099,0.7228306605201723
167,26.44036,0.7107105907069672,0.722984313821127
168,26.16873,0.7034092408859461,0.7231379671220819
169,26.23725,0.7052510421955819,0.7232916204230366
170,26.05509,0.7003546247034154,0.7234452737239915
171,25.72758,0.6915512337676475,0.7235989270249462
172,25.63926,0.6891772131653849,0.723752580325901
173,25.54457,0.6866319684775651,0.7239062336268558
174,25.71047,0.6910913210354837,0.7240598869278105
175,25.62528,0.6888014340890757,0.7242135402287653
176,25.54471,0.6866357316442806,0.7243671935297201
177,25.22396,0.6780140479013491,0.7245208468306749
178,25.13619,0.675654811168326,0.7246745001316297
179,25.01646,0.6724364972336692,0.7248281534325844
180,25.14023,0.6757634054078318,0.7249818067335392
181,25.14129,0.675791897955821,0.725135460034494
182,25.01977,0.6725254692467296,0.7252891133354488
183,24.68764,0.6635978938093487,0.7254427666364036
184,24.58035,0.6607139641171301,0.7255964199373584
185,24.43739,0.6568712333053156,0.7257500732383131
186,24.47442,0.6578665909015767,0.7259037265392679
187,24.60285,0.6613187587678424,0.7260573798402227
188,24.44618,0.6571075064155272,0.7262110331411775
189,24.13171,0.64865462757955,0.7263646864421323
190,24.00634,0.6452847117857812,0.726518339743087
191,23.87776,0.6418285119551773,0.7266719930440418
192,23.75884,0.6386319706279461,0.7268256463449966
193,23.85814,0.6413011310197563,0.7269792996459514
194,23.94127,0.6435356456559213,0.7271329529469062
195,23.70942,0.6373035727773595,0.7272866062478609
196,23.36921,0.6281588088609673,0.7274402595488157
197,23.16277,0.6226097507412766,0.7275939128497705
198,22.97566,0.6175802784259533,0.7277475661507253
199,22.63581,0.6084451912239726,0.7279012194516801
200,36.7717,0.9884145536709557,0.7280548727526348
201,35.63747,0.9579267209297386,0.7282085260535897
202,34.56488,0.9290957567338508,0.7283621793545444
203,33.85038,0.9098901666034543,0.7285158326554992
204,33.37832,0.8972013060338884,0.728669485956454
205,32.96715,0.8861491541879609,0.7288231392574087
206,32.73627,0.8799431546787854,0.7289767925583636
207,32.58206,0.8757980265416148,0.7291304458593183
208,32.4143,0.871288677625904,0.7292840991602731
209,32.23382,0.8664374181343241,0.7294377524612279
210,32.1315,0.8636870808605072,0.7295914057621826
211,32.00968,0.8604125882227397,0.7297450590631375
212,31.87217,0.8567163521152088,0.7298987123640922
213,31.7529,0.8535104028711886,0.730052365665047
214,31.70604,0.8522508172119719,0.7302060189660018
215,31.68117,0.8515823175247179,0.7303596722669565
216,31.56552,0.8484736730200568,0.7305133255679114
217,31.45425,0.8454827618740677,0.7306669788688661
218,31.36233,0.8430119741276911,0.730820632169821
219,31.29419,0.8411803871277118,0.7309742854707757
220,31.24853,0.8399530571831997,0.7311279387717304
221,31.21282,0.8389931808731138,0.7312815920726853
222,31.13388,0.8368712924407926,0.73143524537364
223,31.04638,0.8345193132435781,0.7315888986745949
224,31.02255,0.8338787685090682,0.7317425519755496
225,31.01906,0.8337849581388022,0.7318962052765043
226,30.96767,0.8324036071565754,0.7320498585774592
227,30.89023,0.830322038367635,0.7322035118784139
228,30.82419,0.8285468988683888,0.7323571651793688
229,30.81132,0.8282009563281814,0.7325108184803235
230,30.76906,0.8270650175753325,0.7326644717812782
231,30.72574,0.8259005862744944,0.7328181250822331
232,30.73504,0.8261505680634555,0.7329717783831878
233,30.63349,0.8234209282065741,0.7331254316841427
234,30.57564,0.8218659339601873,0.7332790849850974
235,30.56924,0.8216939034817624,0.7334327382860522
236,30.54765,0.8211135694147011,0.733586391587007
237,30.5222,0.82042947946534,0.7337400448879617
238,30.48589,0.8194534752979017,0.7338936981889166
239,30.39266,0.8169474750629725,0.7340473514898713
240,30.38649,0.816781626929866,0.7342010047908261
241,30.36581,0.8162257534464559,0.7343546580917809
242,30.35001,0.8158010532028446,0.7345083113927356
243,30.28889,0.8141581621338875,0.7346619646936905
244,30.30049,0.8144699673760325,0.7348156179946452
245,30.23085,0.8125980607326724,0.7349692712956
246,30.24341,0.8129356705465811,0.7351229245965548
247,30.19888,0.8117387147334159,0.7352765778975096
248,30.21163,0.8120814317021527,0.7354302311984644
249,30.1623,0.8107554530301689,0.7355838844994191
250,30.1589,0.8106640618385058,0.7357375378003739
251,30.10592,0.8092399720342953,0.7358911911013287
252,30.06532,0.8081486536867878,0.7360448444022835
253,30.02151,0.8069710513024454,0.7361984977032383
254,30.00904,0.8066358606671394,0.736352151004193
255,29.99051,0.8061377786725752,0.7365058043051478
256,29.9641,0.8054278841514502,0.7366594576061026
257,29.91042,0.8039849785136619,0.7368131109070574
258,29.85402,0.8024689599225432,0.7369667642080122
259,29.85047,0.802373536766542,0.737120417508967
260,29.83163,0.8018671220456789,0.7372740708099217
261,29.80071,0.8010359997967889,0.7374277241108765
262,29.8063,0.8011862576677882,0.7375813774118313
263,29.75602,0.799834743221663,0.737735030712786
264,29.70373,0.7984292004534078,0.7378886840137409
265,29.66263,0.7973244422247734,0.7380423373146956
266,29.62052,0.7961925354362624,0.7381959906156504
267,29.68505,0.7979270864945053,0.7383496439166052
268,29.66755,0.7974566906550624,0.7385032972175599
269,29.67856,0.7977526368374777,0.7386569505185148
270,29.62393,0.7962841954255483,0.7388106038194695
271,29.60211,0.7956976790131686,0.7389642571204244
272,29.58326,0.795190995494683,0.7391179104213791
273,29.58806,0.7953200183535015,0.7392715637223338
274,29.5581,0.7945147006763754,0.7394252170232887
275,29.51865,0.7934542940554599,0.7395788703242434
276,29.50513,0.7930908796697874,0.7397325236251983
277,29.51701,0.7934102112453635,0.739886176926153
278,29.55075,0.7943171344238094,0.7400398302271077
279,29.51203,0.7932763500293392,0.7401934835280626
280,29.44575,0.7914947593871521,0.7403471368290173
281,29.42559,0.790952863380114,0.7405007901299722
282,29.38393,0.7898330524846173,0.7406544434309269
283,29.37071,0.789477702027621,0.7408080967318816
284,29.33961,0.7886417414215254,0.7409617500328365
285,29.39301,0.7900771207258825,0.7411154033337912
286,29.34808,0.7888694130078158,0.7412690566347461
287,29.30225,0.7876375135037205,0.7414227099357008
288,29.11517,0.7826088475812648,0.7415763632366555
289,29.0934,0.7820236751569979,0.7417300165376104
290,29.08581,0.7818196577614909,0.7418836698385651
291,29.10207,0.7822567226957391,0.74203732313952
292,29.1189,0.7827091090944718,0.7421909764404747
293,29.14333,0.7833657816863341,0.7423446297414295
294,29.02919,0.7802977256226763,0.7424982830423843
295,28.99254,0.7793125823360717,0.742651936343339
296,28.99989,0.7795101485886378,0.7428055896442939
297,28.97438,0.7788244458535413,0.7429592429452486
298,29.03469,0.7804455643150727,0.7431128962462034
299,28.98304,0.7790572245946598,0.7432665495471582
300,28.91847,0.7773215983459268,0.7434202028481129
301,28.87474,0.7761461463425647,0.7435738561490678
302,28.93277,0.7777059789461573,0.7437275094500225
303,28.91105,0.7771221505100031,0.7438811627509773
304,28.91841,0.7773199855601917,0.7440348160519321
305,28.96362,0.7785352196116895,0.7441884693528868
306,28.91335,0.7771839739631871,0.7443421226538417
307,28.92133,0.777398474465973,0.7444957759547964
308,28.92249,0.7774296549901875,0.7446494292557512
309,28.98839,0.779201031322718,0.744803082556706
310,28.87152,0.7760595935081073,0.7449567358576608
311,28.75883,0.7730305130997177,0.7451103891586156
312,28.69938,0.7714325112337246,0.7452640424595703
313,28.64556,0.7699858424292209,0.7454176957605251
314,28.62264,0.769369758278362,0.7455713490614799
315,28.66045,0.7703860820891811,0.7457250023624347
316,28.74053,0.7725386134504717,0.7458786556633894
317,28.65482,0.7702347490276917,0.7460323089643442
318,28.61656,0.7692063293238584,0.746185962265299
319,28.57191,0.7680061479392226,0.7463396155662538
320,28.55213,0.7674744662418409,0.7464932688672086
321,28.61814,0.7692487993482194,0.7466469221681633
322,28.62662,0.7694767397321324,0.7468005754691182
323,28.58612,0.7683881093608503,0.7469542287700729
324,28.50506,0.7662092358325509,0.7471078820710277
325,28.5034,0.7661646154272094,0.7472615353719825
326,28.48674,0.7657167985880599,0.7474151886729372
327,28.51954,0.766598454789987,0.7475688419738921
328,28.5824,0.7682881166452659,0.7477224952748468
329,28.58159,0.7682663440378401,0.7478761485758016
330,28.5133,0.7664307250735228,0.7480298018767564
331,28.50286,0.7661501003555923,0.7481834551777111
332,28.50801,0.7662885311311998,0.748337108478666
333,28.4818,0.7655840125625256,0.7484907617796207
334,28.4844,0.7656538999443857,0.7486444150805756
335,28.47226,0.7653275796306236,0.7487980683815303
336,28.42864,0.7641550844011095,0.748951721682485
337,28.41686,0.7638384408017588,0.7491053749834399
338,28.40305,0.7634672312850327,0.7492590282843946
339,28.37069,0.7625974021784971,0.7494126815853495
340,28.41211,0.7637107619310528,0.7495663348863042
341,28.36728,0.7625057421892114,0.7497199881872589
342,28.3488,0.7620090041827597,0.7498736414882138
343,28.32844,0.7614617322232707,0.7500272947891685
344,28.32331,0.7613238390429083,0.7501809480901234
345,28.31351,0.7610604173728204,0.7503346013910781
346,28.33866,0.7617364433935054,0.7504882546920328
347,28.30913,0.7609426840141483,0.7506419079929877
348,28.25137,0.7593901089463644,0.7507955612939424
349,28.23495,0.7589487432501557,0.7509492145948973
350,28.24336,0.7591748020507108,0.751102867895852
351,28.23469,0.7589417545119697,0.7512565211968067
352,28.22613,0.7587116637470764,0.7514101744977616
353,28.19258,0.7578098477234588,0.7515638277987163
354,28.17204,0.757257737406764,0.7517174810996712
355,28.1111,0.7556196846950127,0.7518711344006259
356,28.11518,0.7557293541250085,0.7520247877015807
357,28.13132,0.7561631934877862,0.7521784410025355
358,28.19676,0.75792220512968,0.7523320943034902
359,28.18437,0.7575891648753544,0.7524857476044451
360,28.11749,0.7557914463758151,0.7526394009053998
361,28.13266,0.7561992123692064,0.7527930542063546
362,28.02905,0.753414200202082,0.7529467075073094
363,28.02667,0.7533502263679177,0.7531003608082641
364,28.03148,0.7534795180243589,0.753254014109219
365,28.06431,0.7543619806191537,0.7534076674101737
366,27.99707,0.7525545854052029,0.7535613207111285
367,27.95772,0.7514968667605127,0.7537149740120833
368,27.92223,0.7505429039981226,0.753868627313038
369,27.91638,0.7503856573889375,0.7540222806139929
370,27.95226,0.7513501032586066,0.7541759339149476
371,27.94183,0.7510697473382987,0.7543295872159024
372,27.87029,0.7491467691466562,0.7544832405168572
373,27.82689,0.7479801874648379,0.754636893817812
374,27.78528,0.7468617205574539,0.7547905471187668
375,27.75411,0.7460238783680005,0.7549442004197215
376,27.89999,0.7499450980855964,0.7550978537206763
377,27.86396,0.7489766202515891,0.7552515070216311
378,27.78066,0.746737536055841,0.7554051603225859
379,27.77488,0.7465821710300136,0.7555588136235407
380,27.73809,0.7455932645766934,0.7557124669244955
381,27.72748,0.7453080702991798,0.7558661202254502
382,27.80459,0.7473807687665763,0.756019773526405
383,27.79958,0.7472461011576844,0.7561734268273598
384,27.72833,0.7453309180970955,0.7563270801283146
385,27.67734,0.7439603190197703,0.7564807334292694
386,27.66824,0.74371571318326,0.7566343867302241
387,27.70283,0.7446454841596216,0.7567880400311789
388,27.82278,0.7478697116419745,0.7569416933321337
389,27.85994,0.7488685636073286,0.7570953466330885
390,27.80012,0.7472606162293015,0.7572489999340433
391,27.7526,0.7459832899269973,0.757402653234998
392,27.75206,0.74596877485538,0.7575563065359529
393,27.71557,0.744987932330736,0.7577099598369076
394,27.79909,0.74723293007418,0.7578636131378624
395,27.78768,0.7469262319868633,0.7580172664388172
396,27.55869,0.7407710352283475,0.7581709197397719
397,27.50134,0.7392294808630876,0.7583245730407268
398,27.38704,0.7361571240374692,0.7584782263416815
399,27.29572,0.733702464148445,0.7586318796426363
400,27.46615,0.7382835820293736,0.7587855329435911
401,27.49224,0.7389848750265773,0.7589391862445458
402,27.42757,0.737246560801619,0.7590928395455007
403,27.28525,0.7334210330376469,0.7592464928464554
404,27.26945,0.7329963327940356,0.7594001461474102
405,27.23247,0.7320023191858872,0.759553799448365
406,27.37144,0.7357377997463087,0.7597074527493197
407,27.41615,0.7369395939166796,0.7598611060502746
408,27.42029,0.7370508761324107,0.7600147593512293
409,27.31475,0.7342139860241363,0.7601684126521842
410,27.32331,0.7344440767890296,0.7603220659531389
411,27.29773,0.7337564924705754,0.7604757192540936
412,27.40099,0.7365320967209109,0.7606293725550485
413,27.71508,0.7449747612472317,0.7607830258560032
414,27.7033,0.7446581176478809,0.7609366791569581
415,27.70159,0.7446121532544269,0.7610903324579128
416,27.70892,0.7448091819117477,0.7612439857588675
417,27.70584,0.7447263922440057,0.7613976390598224
418,27.70579,0.7447250482558931,0.7615512923607771
419,27.71022,0.7448441256026778,0.7617049456617319
420,27.67093,0.7437880197437229,0.7618585989626867
421,27.67447,0.7438831741021016,0.7620122522636414
422,27.65562,0.743376490583616,0.7621659055645963
423,27.66178,0.7435420699190999,0.762319558865551
424,27.65471,0.7433520299999651,0.7624732121665058
425,27.63007,0.7426897126580294,0.7626268654674606
426,27.57366,0.7411734252692881,0.7627805187684153
427,27.53385,0.7401033419339612,0.7629341720693702
428,27.52197,0.7397840103583851,0.7630878253703249
429,27.47997,0.7386550603437223,0.7632414786712797
430,27.56011,0.740809204490748,0.7633951319722345
431,27.23649,0.7321103758301478,0.7635487852731893
432,27.17878,0.7305591447504765,0.7637024385741441
433,26.93252,0.7239397344978362,0.7638560918750988
434,26.83302,0.7212651981535754,0.7640097451760536
435,26.77427,0.71968601212116,0.7641633984770084
436,26.97453,0.7250689533101218,0.7643170517779632
437,27.13267,0.7293197189129501,0.764470705078918
438,26.97162,0.724990733201963,0.7646243583798727
439,26.6948,0.7175498774148442,0.7647780116808275
440,26.67924,0.7171316283141739,0.7649316649817823
441,26.66395,0.716720636749312,0.7650853182827371
442,26.89733,0.7229938356641222,0.7652389715836919
443,27.01507,0.726158658871894,0.7653926248846467
444,26.99532,0.7256277835673798,0.7655462781856014
445,26.77299,0.719651606025475,0.7656999314865562
446,26.69946,0.7176751371069472,0.765853584787511
447,26.67002,0.7168837969061931,0.7660072380884657
448,26.8918,0.7228451905788583,0.7661608913894206
449,26.95715,0.7246017830421493,0.7663145446903753
450,35.06084,0.9424270436212845,0.7664681979913301
451,32.24272,0.8666766480183835,0.7666218512922849
452,30.33672,0.8154438211624905,0.7667755045932396
453,29.34777,0.788861080281517,0.7669291578941945
454,28.71545,0.7718644690131444,0.7670828111951492
455,28.31015,0.7609701013716473,0.767236464496104
456,28.02312,0.7532548032119164,0.7673901177970588
457,27.85251,0.7486688469737822,0.7675437710980135
458,27.7517,0.7459590981409687,0.7676974243989684
459,27.62321,0.7425053174889679,0.7678510776999231
460,27.48992,0.7389225139781483,0.768004731000878
461,27.28971,0.7335409167772992,0.7681583843018327
462,27.24092,0.7322294531769324,0.7683120376027874
463,27.278,0.7332261547613063,0.7684656909037423
464,27.19134,0.7308967545643852,0.768619344204697
465,27.12985,0.7292439179833942,0.7687729975056519
466,27.05306,0.7271798210399187,0.7689266508066066
467,26.99834,0.7257089604493865,0.7690803041075613
468,27.08141,0.7279418622998163,0.7692339574085162
469,27.0975,0.7283743576744812,0.7693876107094709
470,27.09483,0.7283025887092633,0.7695412640104258
471,27.11561,0.728861150168899,0.7696949173113805
472,27.05905,0.7273408308158195,0.7698485706123352
473,26.98226,0.7252767338723441,0.7700022239132901
474,27.02987,0.7265564793532513,0.7701558772142448
475,27.11537,0.728854699025958,0.7703095305151997
476,27.16479,0.7301830968765447,0.7704631838161544
477,27.15139,0.7298229080623427,0.7706168371171092
478,27.14475,0.7296444264409769,0.770770490418064
479,27.0496,0.7270868170625204,0.7709241437190187
480,27.07044,0.7276469913078912,0.7710777970199736
481,27.0953,0.7283152221975226,0.7712314503209283
482,27.11337,0.7288009395014502,0.7713851036218831
483,27.12285,0.729055759647617,0.7715387569228379
484,27.10392,0.728546925748151,0.7716924102237926
485,27.03669,0.7267397993318228,0.7718460635247475
486,27.00227,0.7258145979150443,0.7719997168257022
487,27.01755,0.7262253206822835,0.772153370126657
488,26.99768,0.7256912198062989,0.7723070234276118
489,26.95756,0.7246128037446734,0.7724606767285666
490,26.89334,0.7228865854127292,0.7726143300295214
491,26.82548,0.721062524746181,0.7727679833304761
492,26.79521,0.7202488743427562,0.7729216366314309
493,26.83681,0.7213670724525175,0.7730752899323857
494,26.83496,0.7213173448923478,0.7732289432333405
495,26.86529,0.722132608081508,0.7733825965342953
496,26.83125,0.7212176209743859,0.77353624983525
497,26.77455,0.719693538454591,0.7736899031362048
498,26.72594,0.71838691321143,0.7738435564371596
499,26.7361,0.7186600115959294,0.7739972097381144
500,26.72864,0.7184594885695154,0.7741508630390692
501,26.71335,0.7180484970046536,0.774304516340024
502,26.68182,0.7172009781007888,0.7744581696409787
503,26.57213,0.7142525369791609,0.7746118229419335
504,26.58548,0.7146113818052502,0.7747654762428883
505,26.63318,0.7158935464647601,0.7749191295438431
506,26.63158,0.7158505388451539,0.7750727828447979
507,26.62627,0.7157078073075859,0.7752264361457526
508,26.5805,0.7144775205892259,0.7753800894467074
509,26.55402,0.7137657444847432,0.7755337427476622
510,26.54711,0.7135800053275688,0.775687396048617
511,26.62792,0.7157521589153047,0.7758410493495718
512,26.68697,0.7173394088763962,0.7759947026505265
513,26.74264,0.7188358052410698,0.7761483559514814
514,26.71812,0.7181767134706046,0.7763020092524361
515,26.62249,0.7156062018062662,0.7764556625533909
516,26.43493,0.7105646335979288,0.7766093158543457
517,26.46448,0.7113589305725307,0.7767629691553004
518,26.46582,0.711394949453951,0.7769166224562553
519,26.45897,0.7112108230825119,0.77707027575721
520,26.4655,0.7113863479300297,0.7772239290581648
521,26.43157,0.7104743175967557,0.7773775823591196
522,26.4012,0.7096579792171054,0.7775312356600743
523,26.39195,0.709409341416257,0.7776848889610292
524,26.4035,0.7097198026702893,0.7778385422619839
525,26.39674,0.7095380954774531,0.7779921955629387
526,26.38838,0.7093133806650107,0.7781458488638935
527,26.30511,0.7070751028621302,0.7782995021648482
528,26.27105,0.706159578159763,0.7784531554658031
529,26.31109,0.7072358438404084,0.7786068087667578
530,26.31483,0.7073363741512378,0.7787604620677127
531,26.34609,0.7081766355192941,0.7789141153686674
532,26.35589,0.7084400571893821,0.7790677686696221
533,26.2245,0.704908325226845,0.779221421970577
534,26.26808,0.706079745265869,0.7793750752715317
535,26.29715,0.7068611399545892,0.7795287285724866
536,26.3322,0.7078032756215877,0.7796823818734413
537,26.36925,0.708799170813094,0.779836035174396
538,26.41739,0.7100931625679957,0.7799896884753509
539,26.26232,0.7059249178352867,0.7801433417763056
540,26.10639,0.7017335565070394,0.7802969950772605
541,26.08845,0.7012513335722048,0.7804506483782152
542,26.06862,0.7007183078867103,0.7806043016791699
543,26.06329,0.7005750387538972,0.7807579549801248
544,26.07528,0.7008973271033212,0.7809116082810795
545,26.0019,0.6989248901491315,0.7810652615820344
546,25.98325,0.6984235825830968,0.7812189148829891
547,25.99094,0.698630287954829,0.7813725681839438
548,26.00102,0.6989012359583482,0.7815262214848987
549,25.99529,0.6987472149206334,0.7816798747858534
550,25.99972,0.6988662922674181,0.7818335280868083
551,25.96697,0.6979859800536036,0.781987181387763
552,25.95308,0.6976126201558972,0.7821408346887178
553,25.98957,0.6985934626805412,0.7822944879896726
554,25.95147,0.6975693437386684,0.7824481412906273
555,25.95035,0.6975392384049441,0.7826017945915822
556,25.9384,0.6972180252460103,0.7827554478925369
557,25.92519,0.6968629435866365,0.7829091011934917
558,25.91555,0.6966038226785091,0.7830627544944465
559,25.93561,0.6971430307093219,0.7832164077954012
560,25.922,0.6967771971450466,0.7833700610963561
561,25.89044,0.6959288718483143,0.7835237143973108
562,25.8861,0.6958122136801324,0.7836773676982656
563,25.87748,0.695580510129504,0.7838310209992204
564,25.88837,0.6958732307404486,0.7839846743001752
565,25.90986,0.6964508768312845,0.7841383276011299
566,25.91668,0.6966341968098559,0.7842919809020847
567,25.88339,0.6957393695244243,0.7844456342030395
568,25.88194,0.6957003938691563,0.7845992875039943
569,25.85596,0.6950020576458005,0.7847529408049491
570,25.79543,0.6933750256365732,0.7849065941059038
571,25.80607,0.6936610263069544,0.7850602474068586
572,25.78009,0.6929626900835987,0.7852139007078134
573,25.75764,0.6923592394209991,0.7853675540087682
574,25.76143,0.6924611137199413,0.785521207309723
575,25.73736,0.6918141178424904,0.7856748606106777
576,25.68431,0.6903881464549222,0.7858285139116326
577,25.69929,0.6907908052934854,0.7859821672125873
578,25.65542,0.6896115901234076,0.7861358205135421
579,25.66742,0.6899341472704542,0.7862894738144969
580,25.71058,0.6910942778093315,0.7864431271154516
581,25.66771,0.6899419424015077,0.7865967804164065
582,25.62362,0.6887568136837342,0.7867504337173612
583,25.58318,0.6876697960981873,0.786904087018316
584,25.56345,0.6871394583889183,0.7870577403192708
585,25.59598,0.688013857055037,0.7872113936202255
586,25.57832,0.6875391604536336,0.7873650469211804
587,25.57806,0.6875321717154476,0.7875187002221351
588,25.51196,0.6857554194304661,0.78767235352309
589,25.48442,0.6850151507779944,0.7878260068240447
590,25.50365,0.6855320486061365,0.7879796601249994
591,25.52119,0.6860035196360695,0.7881333134259543
592,25.50448,0.6855543588088072,0.788286966726909
593,25.50206,0.6854893097841528,0.7884406200278637
594,25.46226,0.6844194952464484,0.7885942733288186
595,25.45988,0.6843555214122841,0.7887479266297733
596,25.41924,0.6832631278742864,0.7889015799307282
597,25.4096,0.6830040069661591,0.7890552332316829
598,25.40132,0.682781442534697,0.7892088865326377
599,25.38833,0.6824322744230191,0.7893625398335925
600,25.3439,0.6812380065860794,0.7895161931345472
601,25.3231,0.6806789075311986,0.7896698464355021
602,25.34166,0.6811777959186306,0.7898234997364568
603,25.33254,0.6809326524868753,0.7899771530374116
604,25.33725,0.6810592561670911,0.7901308063383664
605,25.36581,0.6818269421770617,0.7902844596393211
606,25.32221,0.6806549845427926,0.790438112940276
607,25.26481,0.67911208618942,0.7905917662412307
608,25.25717,0.6789067248058004,0.7907454195421855
609,25.26214,0.6790403172242021,0.7908990728431403
610,25.27105,0.6792798159058842,0.791052726144095
611,25.29344,0.6798816537827486,0.7912063794450499
612,25.22456,0.6780301757587014,0.7913600327460046
613,25.19564,0.6772528130343193,0.7915136860469594
614,25.20426,0.6774845165849477,0.7916673393479142
615,25.19944,0.6773549561308839,0.791820992648869
616,25.18178,0.6768802595294805,0.7919746459498238
617,25.20204,0.677424843512744,0.7921282992507785
618,25.19856,0.6773313019401006,0.7922819525517333
619,25.27735,0.6794491584080836,0.7924356058526881
620,25.29547,0.679936219700124,0.7925892591536429
621,25.24571,0.6785986827303709,0.7927429124545977
622,25.25712,0.6789053808176877,0.7928965657555525
623,25.23447,0.6782965542026373,0.7930502190565072
624,25.16738,0.6764931909530246,0.793203872357462
625,24.96707,0.6711089057759502,0.7933575256584168
626,25.01174,0.6723096247558309,0.7935111789593716
627,24.86202,0.6682851867511802,0.7936648322603264
628,24.86302,0.668312066513434,0.7938184855612811
629,24.88396,0.6688749287350302,0.7939721388622359
630,24.88258,0.66883783466312,0.7941257921631907
631,24.84425,0.6678075333759287,0.7942794454641455
632,24.79593,0.6665087032638213,0.7944330987651003
633,24.80965,0.6668774936019446,0.794586752066055
634,24.74997,0.6652733093906331,0.7947404053670099
635,24.80646,0.6667917471603547,0.7948940586679646
636,24.82059,0.6671715582010019,0.7950477119689194
637,24.79292,0.6664277951794371,0.7952013652698742
638,24.75869,0.6655077009174869,0.7953550185708289
639,24.73981,0.6650002110061336,0.7955086718717838
640,24.72546,0.6646144864177905,0.7956623251727385
641,24.75951,0.665529742322535,0.7958159784736933
642,25.01754,0.6724655273769035,0.7959696317746481
643,24.98576,0.6716112885324751,0.7961232850756028
644,25.04214,0.6731267695283488,0.7962769383765577
645,25.03909,0.6730447862534745,0.7964305916775124
646,25.03535,0.6729442559426451,0.7965842449784672
647,25.00492,0.6721263047772594,0.796737898279422
648,25.02373,0.6726319131052549,0.7968915515803767
649,25.00364,0.6720918986815745,0.7970452048813316
650,25.06197,0.6736597952138432,0.7971988581822863
651,24.98723,0.6716508017829883,0.7973525114832412
652,24.99068,0.6717435369627642,0.7975061647841959
653,25.05539,0.6734829263782127,0.7976598180851506
654,24.91688,0.6697598105084279,0.7978134713861055
655,24.88461,0.6688924005804953,0.7979671246870602
656,24.90194,0.669358226860355,0.7981207779880151
657,24.92312,0.6699275402248922,0.7982744312889698
658,24.90174,0.6693528509079042,0.7984280845899245
659,24.90727,0.6695014959931682,0.7985817378908794
660,24.53826,0.6595825949238644,0.7987353911918341
661,24.47486,0.6578784179969684,0.798889044492789
662,24.36505,0.65492675130387,0.7990426977937437
663,24.35956,0.6547791814090962,0.7991963510946984
664,24.32273,0.6537891997652858,0.7993500043956533
665,24.46796,0.6576929476374167,0.799503657696608
666,24.45476,0.6573381347756655,0.7996573109975629
667,24.24471,0.6516920407142383,0.7998109642985176
668,24.0761,0.6471598440006118,0.7999646175994723
669,24.06106,0.6467555723763134,0.8001182709004272
670,24.01542,0.6455287800270463,0.8002719242013819
671,24.2312,0.6513288951261884,0.8004255775023368
672,24.26296,0.6521825963753715,0.8005792308032915
673,24.21593,0.6509184411565716,0.8007328841042463
674,24.01588,0.6455411447176831,0.8008865374052011
675,24.01242,0.6454481407402847,0.8010401907061558
676,23.93849,0.6434609199168555,0.8011938440071107
677,24.36731,0.6549874995665638,0.8013474973080654
678,24.2864,0.6528126580026025,0.8015011506090202
679,35.53422,0.9551513854770256,0.801654803909975
680,34.23352,0.9201888787134055,0.8018084572109297
681,33.32804,0.8958497915877633,0.8019621105118846
682,32.72731,0.8797023120089907,0.8021157638128393
683,32.31167,0.8685300076257885,0.8022694171137941
684,32.22121,0.8660984643323025,0.8024230704147489
685,32.0696,0.862023223576992,0.8025767237157037
686,31.78917,0.8544853318481368,0.8027303770166585
687,31.60871,0.8496346099518017,0.8028840303176132
688,31.4352,0.8449707024031312,0.803037683618568
689,31.36526,0.843090731831095,0.8031913369195228
690,31.49226,0.8465044616373377,0.8033449902204776
691,31.44771,0.8453069682289274,0.8034986435214324
692,31.30954,0.8415929914783089,0.8036522968223871
693,31.22809,0.8394036348427305,0.8038059501233419
694,31.18708,0.838301295792699,0.8039596034242967
695,31.18109,0.8381402860167982,0.8041132567252515
696,31.3458,0.8425676516576346,0.8042669100262063
697,31.27713,0.8407218183836607,0.804420563327161
698,31.13203,0.8368215648806229,0.8045742166281158
699,31.04367,0.8344464690878701,0.8047278699290706
700,31.07727,0.8353496290996004,0.8048815232300254
701,31.21932,0.8391678993277639,0.8050351765309802
702,31.28701,0.8409873904347289,0.805188829831935
703,31.1691,0.8378179976673742,0.8053424831328897
704,31.10153,0.8360017321318796,0.8054961364338445
705,31.01463,0.8336658807920175,0.8056497897347993
706,31.02465,0.8339352160098014,0.805803443035754
707,31.10935,0.8362119318727049,0.8059570963367089
708,31.01863,0.833773399841033,0.8061107496376636
709,30.83509,0.8288398882769561,0.8062644029386185
710,30.66349,0.8242273210741905,0.8064180562395732
711,30.51057,0.8201168678303273,0.8065717095405279
712,30.68431,0.8247869577243162,0.8067253628414828
713,30.78902,0.82760153762992,0.8068790161424375
714,30.77976,0.827352631031449,0.8070326694433924
715,30.52542,0.8205160322997974,0.8071863227443471
716,30.46921,0.819005120863507,0.8073399760453018
717,30.41993,0.8176804861796357,0.8074936293462567
718,30.6302,0.8233324937887588,0.8076472826472114
719,30.73903,0.8262578183148485,0.8078009359481663
720,30.73209,0.8260712727648065,0.807954589249121
721,30.49013,0.819567445489858,0.8081082425500757
722,30.45768,0.8186951972047197,0.8082618958510306
723,30.39828,0.8170985393268393,0.8084155491519853
724,30.72657,0.8259228964771651,0.8085692024529402
725,30.87375,0.8298790598856911,0.8087228557538949
726,30.81118,0.8281971931614659,0.8088765090548496
727,30.73003,0.8260159004545635,0.8090301623558045
728,30.70912,0.8254538446258349,0.8091838156567592
729,30.70334,0.8252984796000076,0.8093374689577141
730,30.75604,0.8267150430707869,0.8094911222586688
731,30.73836,0.8262398088741384,0.8096447755596236
732,30.6083,0.8227438269953989,0.8097984288605784
733,30.56287,0.8215226793962052,0.8099520821615331
734,30.49829,0.8197867843498498,0.8101057354624879
735,30.46833,0.8189814666727235,0.8102593887634427
736,30.55284,0.8212530753807988,0.8104130420643975
737,30.52327,0.8204582408109516,0.8105666953653523
738,30.38991,0.8168735557167743,0.810720348666307
739,30.2964,0.8143600291484141,0.8108740019672618
740,30.25681,0.8132958593607831,0.8110276552682166
741,30.39797,0.8170902066005407,0.8111813085691714
742,30.2713,0.8136853471158417,0.8113349618701262
743,30.1253,0.8097609018267754,0.811488615171081
744,29.75064,0.7996901301007372,0.8116422684720357
745,29.58415,0.795214918483089,0.8117959217729905
746,29.51296,0.7933013482082353,0.8119495750739453
747,29.88076,0.8031877247652119,0.8121032283749001
748,30.06074,0.808025544375665,0.8122568816758549
749,29.76088,0.799965378866217,0.8124105349768096
750,29.41446,0.7906536916262282,0.8125641882777644
751,29.35419,0.789033648355187,0.8127178415787192
752,29.42057,0.7908179269735994,0.812871494879674
753,29.91537,0.8041180333368186,0.8130251481806288
754,30.06126,0.8080395218520371,0.8131788014815835
755,29.85303,0.8024423489579119,0.8133324547825383
756,29.45362,0.7917063031160901,0.8134861080834931
757,29.43887,0.7913098266228454,0.8136397613844479
758,29.50583,0.7931096955033651,0.8137934146854027
759,29.83483,0.8019531372848913,0.8139470679863574
760,40.11331,1.0782362360161395,0.8141007212873123
761,39.53193,1.0626088798369795,0.814254374588267
762,39.11414,1.0513787839649316,0.8144080278892218
763,38.77584,1.0422853603944444,0.8145616811901766
764,38.47334,1.034154232312646,0.8147153344911313
765,38.30385,1.029598381408236,0.8148689877920862
766,38.1218,1.0247049206899175,0.8150226410930409
767,38.01528,1.0218416884146342,0.8151762943939957
768,37.8136,1.016420577963272,0.8153299476949505
769,37.78578,1.015672782977369,0.8154836009959052
770,37.69489,1.013229681386114,0.8156372542968601
771,37.56736,1.0098017053058768,0.8157909075978148
772,37.44614,1.0065433405254616,0.8159445608987697
773,37.33651,1.003596512189569,0.8160982141997244
774,37.34432,1.0038064431327718,0.8162518675006791
775,37.27494,1.0019415252275976,0.816405520801634
776,37.31039,1.0028944127994974,0.8165591741025887
777,37.11317,0.9975931860877875,0.8167128274035436
778,36.98361,0.994110644090175,0.8168664807044983
779,36.92432,0.9925169429861427,0.817020134005453
780,36.90946,0.99211750971905,0.8171737873064079
781,36.86922,0.9910358680859538,0.8173274406073626
782,36.76653,0.9882755853001032,0.8174810939083175
783,36.66012,0.9854153097986678,0.8176347472092722
784,36.56268,0.9827961457646499,0.8177884005102269
785,36.5757,0.9831461202691953,0.8179420538111818
786,36.46934,0.9802871887558728,0.8180957071121365
787,36.52464,0.9817736396085123,0.8182493604130914
788,36.37511,0.9777543087586897,0.8184030137140461
789,36.26142,0.9746983485880464,0.8185566670150008
790,36.19407,0.9728879966002477,0.8187103203159557
791,36.14468,0.9715604051425285,0.8188639736169104
792,36.02699,0.9683969259228694,0.8190176269178653
793,36.06218,0.9693428247565834,0.81917128021882
794,35.97015,0.966869080236359,0.8193249335197748
795,35.87683,0.964360660822827,0.8194785868207296
796,35.81648,0.9627384671708055,0.8196322401216843
797,35.76436,0.9613374939621334,0.8197858934226392
798,35.69685,0.9595228412123739,0.8199395467235939
799,35.6297,0.957717865177026,0.8200932000245487
800,35.54109,0.9553360494437098,0.8202468533255035
801,35.48069,0.9537125118035756,0.8204005066264582
802,35.49602,0.9541245785589275,0.8205541599274131
803,35.44285,0.9526953815998888,0.8207078132283678
804,35.37361,0.9508342268614302,0.8208614665293226
805,35.22156,0.9467471590107278,0.8210151198302774
806,35.14937,0.9448067089736203,0.8211687731312322
807,35.10725,0.9436745333874871,0.821322426432187
808,35.10726,0.9436748021851095,0.8214760797331417
809,35.06156,0.9424463970501072,0.8216297330340965
810,34.97941,0.9402382245809512,0.8217833863350513
811,34.88334,0.937655885821221,0.8219370396360061
812,34.8163,0.9358538665597209,0.8220906929369609
813,34.83106,0.9362506118505882,0.8222443462379156
814,34.77622,0.9347765256885856,0.8223979995388704
815,34.72359,0.9333618438011639,0.8225516528398252
816,34.61473,0.9304357128822066,0.82270530614078
817,34.54277,0.9285014451904174,0.8228589594417348
818,34.4851,0.9269512893012364,0.8230126127426896
819,34.49954,0.9273394330681825,0.8231662660436443
820,34.4614,0.9263142389358193,0.8233199193445991
821,34.41175,0.9249796587399143,0.8234735726455539
822,34.31209,0.9223008216336926,0.8236272259465087
823,34.25496,0.9207651808161286,0.8237808792474635
824,34.19942,0.9192722788205483,0.8239345325484182
825,34.21148,0.91959644875333,0.824088185849373
826,34.17092,0.9185062055963127,0.8242418391503278
827,34.11653,0.9170442153273242,0.8243954924512826
828,34.00766,0.9141178156107445,0.8245491457522374
829,33.96506,0.9129727377387292,0.8247027990531921
830,33.90219,0.9112828070858278,0.824856452354147
831,33.87569,0.9105704933861,0.8250101056551017
832,33.8304,0.9093531089536218,0.8251637589560565
833,33.7772,0.9079231056017155,0.8253174122570113
834,33.7244,0.9065038541547108,0.825471065557966
835,33.67131,0.9050768075766522,0.8256247188589209
836,33.61889,0.9036677704393039,0.8257783721598756
837,33.60952,0.9034159070669852,0.8259320254608304
838,33.55209,0.9018722023207448,0.8260856787617852
839,33.4825,0.9000016396654974,0.8262393320627399
840,33.42313,0.8984057881804847,0.8263929853636948
841,33.37147,0.8970171796624493,0.8265466386646495
842,33.39762,0.8977200854453883,0.8267002919656044
843,33.38035,0.8972558719512637,0.8268539452665591
844,33.32982,0.8958976375645752,0.8270075985675138
845,33.21836,0.8929016192637578,0.8271612518684687
846,33.16368,0.8914318338637157,0.8273149051694234
847,33.10224,0.8897803412708375,0.8274685584703783
848,33.11862,0.890220631776556,0.827622211771333
849,33.09227,0.8895123500411662,0.8277758650722877
850,33.0491,0.8883519507046664,0.8279295183732426
851,32.94944,0.8856731135984448,0.8280831716741973
852,32.89237,0.8841390855666159,0.8282368249751522
853,32.84318,0.8828168700613476,0.8283904782761069
854,32.87408,0.8836474547149924,0.8285441315770616
855,32.83899,0.8827042438575039,0.8286977848780164
856,32.78787,0.8813301504110855,0.8288514381789712
857,32.665,0.8780274340229515,0.8290050914799261
858,32.60226,0.8763409977391432,0.8291587447808808
859,32.55551,0.8750843688537743,0.8293123980818355
860,32.5735,0.8755679357767217,0.8294660513827903
861,32.55631,0.8751058726635775,0.8296197046837451
862,32.4759,0.872944470980743,0.8297733579847
863,32.37004,0.8700989793485474,0.8299270112856547
864,32.32845,0.8689810500364085,0.8300806645866095
865,32.3227,0.8688264914034487,0.8302343178875642
866,32.31203,0.8685396843401999,0.830387971188519
867,32.27329,0.8674983623504847,0.8305416244894739
868,32.18918,0.8652375055473108,0.8306952777904286
869,32.08395,0.8624089481653352,0.8308489310913834
870,32.02565,0.860841858025934,0.8310025843923381
871,31.98237,0.8596785019155861,0.8311562376932929
872,31.94092,0.8585643357701629,0.8313098909942477
873,31.90257,0.8575334968877266,0.8314635442952025
874,31.83617,0.8557486806740691,0.8316171975961573
875,31.80216,0.8548344999598148,0.831770850897112
876,31.7498,0.8534270756082016,0.8319245041980668
877,31.70139,0.8521258263174913,0.8320781574990216
878,31.70084,0.8521110424482516,0.8322318107999764
879,31.66504,0.8511487469595629,0.8323854641009312
880,31.6035,0.8494945663904592,0.8325391174018859
881,31.56515,0.8484637275080228,0.8326927707028408
882,31.50319,0.8467982574387726,0.8328464240037955
883,31.54863,0.8480196738355887,0.8330000773047503
884,31.52816,0.8474694451022519,0.8331537306057051
885,31.51259,0.847050927203959,0.8333073839066598
886,31.41637,0.8444645564798908,0.8334610372076147
887,31.34317,0.8424969578829069,0.8336146905085694
888,31.30175,0.8413835981303511,0.8337683438095242
889,31.33992,0.8424095986555817,0.833921997110479
890,31.34141,0.84244964950134,0.8340756504114337
891,31.30124,0.8413698894516017,0.8342293037123886
892,31.20949,0.8389036712648082,0.8343829570133433
893,31.14124,0.8370691274909811,0.8345366103142982
894,31.08657,0.8355996108885615,0.8346902636152529
895,31.1265,0.836672919795359,0.8348439169162076
896,31.12862,0.8367299048913371,0.8349975702171625
897,31.10918,0.8362073623131216,0.8351512235181172
898,31.01185,0.8335911550529517,0.8353048768190721
899,30.93206,0.8314464188227148,0.8354585301200268
900,30.88141,0.8300849588645557,0.8356121834209815
901,30.9208,0.8311437526997361,0.8357658367219364
902,30.91312,0.8309373161256263,0.8359194900228911
903,30.91121,0.8308859757797213,0.836073143323846
904,30.81566,0.8283176144963632,0.8362267966248007
905,30.73888,0.8262537863505105,0.8363804499257554
906,30.68724,0.8248657154277201,0.8365341032267103
907,30.72505,0.8258820392385393,0.836687756527665
908,30.73299,0.826095464550835,0.8368414098286199
909,30.736,0.8261763726352193,0.8369950631295746
910,30.65274,0.8239383636299613,0.8371487164305293
911,30.56726,0.8216406815524998,0.8373023697314842
912,30.51978,0.8203644304406856,0.8374560230324389
913,30.4759,0.8191849464729853,0.8376096763333938
914,30.54552,0.8210563155211004,0.8377633296343485
915,30.51399,0.8202087966172356,0.8379169829353033
916,30.39965,0.8171353646011271,0.8380706362362581
917,30.34769,0.8157386921544155,0.8382242895372128
918,30.29209,0.8142441773731,0.8383779428381677
919,30.23376,0.8126762808408311,0.8385315961391224
920,30.23128,0.8126096190304416,0.8386852494400772
921,30.19104,0.8115279773973455,0.838838902741032
922,30.1238,0.8097205821833946,0.8389925560419867
923,30.0638,0.8081077964481619,0.8391462093429416
924,30.01373,0.8067619267521101,0.8392998626438963
925,30.06929,0.8082553663429357,0.8394535159448511
926,30.04717,0.80766078600188,0.8396071692458059
927,30.03239,0.8072635031157676,0.8397608225467607
928,29.99715,0.8063162602939409,0.8399144758477155
929,29.88406,0.8032764279806498,0.8400681291486702
930,29.82169,0.8015999372088753,0.840221782449625
931,29.7827,0.8005518952785965,0.8403754357505798
932,29.82983,0.801818738473622,0.8405290890515346
933,29.80208,0.8010728250710768,0.8406827423524894
934,29.77311,0.8002941183585819,0.8408363956534441
935,29.65529,0.7971271447698299,0.8409900489543989
936,29.60442,0.7957597712639751,0.8411437022553537
937,29.54676,0.7942098841724163,0.8412973555563085
938,29.60952,0.7958968580514698,0.8414510088572633
939,29.61392,0.796015129005387,0.841604662158218
940,29.58148,0.795143149517871,0.8417583154591728
941,29.44326,0.7914278287791399,0.8419119687601276
942,29.37781,0.7896685483396236,0.8420656220610824
943,29.31432,0.7879619522341248,0.8422192753620372
944,29.36503,0.789325024978019,0.842372928662992
945,29.37505,0.7895943601958029,0.8425265819639467
946,29.34586,0.7888097399356121,0.8426802352649015
947,29.22621,0.7855935763819355,0.8428338885658563
948,29.17009,0.7840850841242478,0.8429875418668111
949,29.1278,0.7829483389785313,0.8431411951677659
950,29.16364,0.7839117096577104,0.8432948484687206
951,29.14175,0.7833233116619729,0.8434485017696755
952,29.12619,0.7829050625613027,0.8436021550706302
953,29.02394,0.7801566068708434,0.843755808371585
954,28.95361,0.7782661531915283,0.8439094616725398
955,28.9011,0.776854696875577,0.8440631149734945
956,28.87081,0.776040508876907,0.8442167682744494
957,28.83954,0.7751999787112283,0.8443704215754041
958,28.82448,0.7747951694916848,0.8445240748763589
959,28.76383,0.773164911910987,0.8446777281773137
960,28.71029,0.7717257694399144,0.8448313814782684
961,28.6518,0.770153572145685,0.8449850347792233
962,28.59895,0.7687329767105675,0.845138688080178
963,28.58388,0.7683278986934016,0.8452923413811329
964,28.56923,0.7679341101763822,0.8454459946820876
965,28.52041,0.7666218401831478,0.8455996479830423
966,28.4765,0.7654415498225801,0.8457533012839972
967,28.44664,0.7646389201216792,0.8459069545849519
968,28.41406,0.7637631774674478,0.8460606078859068
969,28.48703,0.7657245937191134,0.8462142611868615
970,28.48845,0.7657627629815139,0.8463679144878162
971,28.47278,0.7653415571069956,0.8465215677887711
972,28.33786,0.7617149395837023,0.8466752210897258
973,28.28042,0.7601709660398395,0.8468288743906807
974,28.23315,0.7589003596780987,0.8469825276916354
975,28.28193,0.7602115544808429,0.8471361809925901
976,28.2547,0.7594796185546697,0.847289834293545
977,28.24268,0.7591565238123781,0.8474434875944997
978,28.1455,0.7565443485165462,0.8475971408954546
979,28.11712,0.755781500863781,0.8477507941964093
980,28.05614,0.7541423729615395,0.847904447497364
981,28.09132,0.755088002997631,0.8480581007983189
982,28.07434,0.7546315846345601,0.8482117540992736
983,28.05477,0.7541055476872518,0.8483654074002285
984,27.98845,0.7523228818545745,0.8485190607011832
985,27.90631,0.750114978183041,0.848672714002138
986,27.86013,0.7488736707621568,0.8488263673030928
987,27.80546,0.7474041541597373,0.8489800206040475
988,27.86267,0.7489419453582816,0.8491336739050024
989,27.85311,0.7486849748311346,0.8492873272059571
990,27.81318,0.7476116659243371,0.8494409805069119
991,27.6756,0.7439135482334485,0.8495946338078667
992,27.62701,0.7426074605855325,0.8497482871088214
993,27.57035,0.7410844532562278,0.8499019404097763
994,27.62752,0.742621169264282,0.850055593710731
995,27.60821,0.7421021210551596,0.8502092470116858
996,27.61819,0.7423703810824533,0.8503629003126406
997,27.47034,0.7383962082332174,0.8505165536135953
998,27.39808,0.7364538766127521,0.8506702069145502
999,27.34561,0.7350434954872911,0.8508238602155049
1000,27.30778,0.7340266340812268,0.8509775135164597
1001,27.32382,0.7344577854677791,0.8511311668174144
1002,27.31936,0.7343379017281267,0.8512848201183693
1003,27.22086,0.7316902451461196,0.8514384734193241
1004,27.15749,0.7299868746120913,0.8515921267202788
1005,27.10062,0.7284582225327133,0.8517457800212336
1006,27.04333,0.7269182809531886,0.8518994333221883
1007,27.03747,0.7267607655463808,0.8520530866231432
1008,27.01606,0.7261852698365253,0.852206739924098
1009,26.94096,0.724166599691259,0.8523603932250527
1010,26.88619,0.722694395112614,0.8525140465260075
1011,26.80972,0.7206388996930599,0.8526676998269622
1012,26.80043,0.7203891867017214,0.8528213531279171
1013,26.83367,0.7212826699990403,0.8529750064288719
1014,26.81773,0.7208542065887136,0.8531286597298267
1015,26.75929,0.7192833532825968,0.8532823130307814
1016,26.61954,0.7155269065076173,0.8534359663317361
1017,26.58489,0.7145955227455204,0.853589619632691
1018,26.50391,0.7124187995982013,0.8537432729336457
1019,26.55197,0.7137106409721227,0.8538969262346006
1020,26.53125,0.7131536922982223,0.8540505795355553
1021,26.49181,0.7120935544749294,0.85420423283651
1022,26.3931,0.709440253142849,0.8543578861374649
1023,26.30798,0.7071522477797988,0.8545115394384196
1024,26.24219,0.7053838282211161,0.8546651927393745
1025,26.23031,0.7050644966455399,0.8548188460403292
1026,26.23189,0.7051069666699011,0.8549724993412839
1027,26.16994,0.7034417653982733,0.8551261526422388
1028,26.10835,0.701786240841057,0.8552798059431935
1029,25.95573,0.69768385152587,0.8554334592441484
1030,25.8971,0.696107891064925,0.8555871125451031
1031,25.81581,0.6939228351913073,0.8557407658460578
1032,25.86711,0.6953017669949312,0.8558944191470127
1033,25.80262,0.6935682911271785,0.8560480724479674
1034,25.73201,0.6916703111144321,0.8562017257489223
1035,25.63669,0.6891081321763926,0.856355379049877
1036,25.53428,0.6863553757239728,0.8565090323508318
1037,25.43612,0.6837168582611319,0.8566626856517866
1038,25.45227,0.6841509664215321,0.8568163389527413
1039,25.3597,0.6816627068296905,0.8569699922536962
1040,25.30349,0.6801517953934001,0.8571236455546509
1041,25.20501,0.6775046764066381,0.8572772988556057
1042,25.11896,0.6751916728646918,0.8574309521565605
1043,25.0295,0.6727870093334598,0.8575846054575152
1044,24.91924,0.6698232467473471,0.8577382587584701
1045,24.92278,0.6699184011057259,0.8578919120594248
1046,24.83152,0.6674653540024369,0.8580455653603796
1047,24.70926,0.6641790342692776,0.8581992186613344
1048,24.57877,0.6606714940927689,0.8583528719622892
1049,24.47793,0.6579609388670878,0.858506525263244
1050,24.34909,0.6544977502982982,0.8586601785641987
1051,24.28352,0.6527352442873112,0.8588138318651535
1052,24.23457,0.651419479924984,0.8589674851661083
1053,24.15282,0.6492220593607293,0.8591211384670631
1054,24.00252,0.6451820310939713,0.8592747917680179
1055,23.4867,0.6313169121281755,0.8594284450689726
1056,23.4939,0.6315104464164035,0.8595820983699274
1057,23.53367,0.6325794545612402,0.8597357516708822
1058,22.97795,0.6176418330815147,0.859889404971837
1059,42.30785,1.1372249494727669,0.8600430582727918
1060,41.87066,1.1254733862129935,0.8601967115737466
1061,41.52909,1.116292065819936,0.8603503648747013
1062,41.33967,1.1112005012538064,0.8605040181756561
1063,41.18104,1.1069365645674738,0.8606576714766109
1064,41.02586,1.1027653630609167,0.8608113247775657
1065,40.8994,1.099366148326291,0.8609649780785205
1066,40.79503,1.0965607075398538,0.8611186313794752
1067,40.74438,1.095199247581695,0.86127228468043
1068,40.68485,1.0935990953347214,0.8614259379813848
1069,40.60013,1.0913218418765729,0.8615795912823396
1070,40.50452,1.0887518678074795,0.8617332445832944
1071,40.43369,1.0868479742470372,0.8618868978842491
1072,40.40463,1.0860668483559395,0.862040551185204
1073,40.34649,1.084504058978499,0.8621942044861587
1074,40.2988,1.0832221631166117,0.8623478577871135
1075,40.19771,1.080504887950367,0.8625015110880683
1076,40.13181,1.0787335116178365,0.862655164389023
1077,40.10573,1.0780324874182552,0.8628088176899779
1078,40.08531,1.077483602673031,0.8629624709909326
1079,40.03177,1.0760444602019583,0.8631161242918874
1080,39.89863,1.0724656886554769,0.8632697775928422
1081,39.83866,1.0708537093131116,0.8634234308937969
1082,39.85439,1.0712765279733654,0.8635770841947518
1083,39.85819,1.07137867106993,0.8637307374957065
1084,39.8131,1.0701666625899027,0.8638843907966614
1085,39.75293,1.0685493072950867,0.8640380440976161
1086,39.68954,1.0668453991658133,0.8641916973985708
1087,39.64206,1.0655691480539993,0.8643453506995257
1088,39.62544,1.0651224064053397,0.8644990040004804
1089,39.55761,1.063299152131659,0.8646526573014353
1090,39.50496,1.0618839326489924,0.86480631060239
1091,39.5019,1.0618016805764956,0.8649599639033447
1092,39.47879,1.0611804892708083,0.8651136172042996
1093,39.45306,1.0604888729880162,0.8652672705052543
1094,39.43295,1.0599483209690905,0.8654209238062092
1095,39.37012,1.0582594655066795,0.8655745771071639
1096,39.35182,1.0577675658574333,0.8657282304081186
1097,39.31443,1.056762531546761,0.8658818837090735
1098,39.337,1.057369207780831,0.8660355370100282
1099,39.29031,1.0561141916811974,0.8661891903109831
1100,39.23398,1.0546000546734364,0.8663428436119378
1101,39.16776,1.0528200768169844,0.8664964969128925
1102,39.10219,1.0510575708059977,0.8666501502138474
1103,39.09407,1.050839307136496,0.8668038035148021
1104,39.05573,1.0498087370516824,0.866957456815757
1105,39.03842,1.0493434483670678,0.8671111101167117
1106,39.01179,1.0486276402982468,0.8672647634176665
1107,38.98168,1.0478182906567826,0.8674184167186213
1108,38.94867,1.0469309897047823,0.867572070019576
1109,38.91203,1.0459461152158,0.8677257233205309
1110,38.86923,1.044795661391334,0.8678793766214856
1111,38.79635,1.0428366643182712,0.8680330299224404
1112,38.79012,1.0426692033994298,0.8681866832233952
1113,38.74873,1.0415566500397417,0.8683403365243499
1114,38.74203,1.0413765556326406,0.8684939898253048
1115,38.71333,1.0406051064559543,0.8686476431262595
1116,38.68022,1.0397151175277284,0.8688012964272143
1117,38.62681,1.0382794694257487,0.8689549497281691
1118,38.60684,1.0377426805735388,0.8691086030291238
1119,38.59751,1.03749189239171,0.8692622563300787
1120,38.5992,1.0375373191899193,0.8694159096310334
1121,38.57839,1.036977951337416,0.8695695629319882
1122,38.50416,1.0349826665853106,0.869723216232943
1123,38.47115,1.03409536563331,0.8698768695338978
1124,38.45298,1.0336069603531568,0.8700305228348526
1125,38.45159,1.033569597483624,0.8701841761358073
1126,38.38531,1.031788006841437,0.8703378294367621
1127,38.31817,1.0299832996037117,0.8704914827377169
1128,38.28076,1.028977727697794,0.8706451360386717
1129,38.25924,1.0283992752140905,0.8707987893396265
1130,38.2688,1.0286562457412376,0.8709524426405812
1131,38.24532,1.0280251089235164,0.871106095941536
1132,38.1953,1.0266805832155776,0.8712597492424908
1133,38.14821,1.0254148152110423,0.8714134025434456
1134,38.10879,1.0243552149829944,0.8715670558444004
1135,38.12156,1.0246984695469765,0.8717207091453552
1136,38.10528,1.0242608670174833,0.8718743624463099
1137,38.08158,1.0236238166520664,0.8720280157472647
1138,38.02779,1.0221779542404303,0.8721816690482195
1139,37.97578,1.020779937805606,0.8723353223491743
1140,37.98397,1.0210000830584653,0.8724889756501291
1141,38.0135,1.0217938424378223,0.8726426289510838
1142,37.96254,1.0204240497533645,0.8727962822520385
1143,37.89736,1.0186720268496567,0.8729499355529934
1144,37.83998,1.0171296660915292,0.8731035888539482
1145,37.81192,1.0163754199626855,0.873257242154903
1146,37.83275,1.0169353254104336,0.8734108954558577
1147,37.81727,1.0165192266907437,0.8735645487568124
1148,37.78263,1.0155881117262693,0.8737182020577673
1149,37.68752,1.013031577538303,0.8738718553587221
1150,37.65624,1.0121907785750015,0.8740255086596769
1151,37.65066,1.012040789501625,0.8741791619606316
1152,37.60625,1.0108470592599303,0.8743328152615863
1153,37.58308,1.010224255168508,0.8744864685625412
1154,37.48849,1.0076816984569135,0.874640121863496
1155,37.44874,1.0066132279073217,0.8747937751644508
1156,37.40786,1.005514383226383,0.8749474284654055
1157,37.43557,1.006259221438438,0.8751010817663603
1158,37.41055,1.0055866897868462,0.8752547350673151
1159,37.35066,1.0039768608254611,0.8754083883682698
1160,37.28806,1.0022941877083684,0.8755620416692247
1161,37.23084,1.0007561277122015,0.8757156949701794
1162,37.20161,0.9999704322615207,0.8758693482711342
1163,37.18746,0.9995900836256283,0.876023001572089
1164,37.14303,0.9983958157886885,0.8761766548730437
1165,37.09174,0.997017152782687,0.8763303081739986
1166,37.05056,0.9959102441730722,0.8764839614749533
1167,37.10584,0.9973961574304667,0.8766376147759081
1168,37.03188,0.9954081302141699,0.8767912680768629
1169,37.01448,0.9949404223509523,0.8769449213778177
1170,36.93755,0.9928725622407615,0.8770985746787725
1171,36.90047,0.9918758606563876,0.8772522279797272
1172,36.84549,0.9903980113276692,0.877405881280682
1173,36.8619,0.9908391082262554,0.8775595345816368
1174,36.83285,0.9900582511327803,0.8777131878825916
1175,36.8125,0.9895112479709138,0.8778668411835464
1176,36.72073,0.9870444921888755,0.8780204944845011
1177,36.66068,0.98543036246553,0.8781741477854559
1178,36.60738,0.9839976711373982,0.8783278010864107
1179,36.62656,0.9845132249774275,0.8784814543873655
1180,36.60392,0.9839046671599999,0.8786351076883203
1181,36.52348,0.9817424590842978,0.878788760989275
1182,36.44467,0.9796240650210697,0.8789424142902298
1183,36.38035,0.9778951587129001,0.8790960675911846
1184,36.39794,0.9783679737309459,0.8792497208921394
1185,36.41551,0.9788402511537464,0.8794033741930942
1186,36.37282,0.9776927541031284,0.879557027494049
1187,36.28381,0.9753001864649108,0.8797106807950037
1188,36.23036,0.9738634631724408,0.8798643340959585
1189,36.18655,0.9726858607880984,0.8800179873969133
1190,36.20231,0.9731094858412195,0.8801716406978681
1191,36.21902,0.9735586466684819,0.8803252939988229
1192,36.13667,0.971345098246875,0.8804789472997776
1193,36.07508,0.9696895736896586,0.8806326006007325
1194,36.01627,0.9681087748715079,0.8807862539016872
1195,36.05267,0.9690871982175491,0.880939907202642
1196,36.05487,0.9691463336945076,0.8810935605035968
1197,36.03378,0.9685794395085734,0.8812472138045515
1198,35.96054,0.9666107657210993,0.8814008671055064
1199,35.92267,0.9655928291245448,0.8815545204064611
1200,35.87791,0.9643896909660613,0.8817081737074159
1201,35.89117,0.9647461166135478,0.8818618270083707
1202,35.86728,0.9641039590933026,0.8820154803093254
1203,35.78827,0.9619801890776235,0.8821691336102803
1204,35.73825,0.9606356633696845,0.882322786911235
1205,35.68158,0.9591123872427572,0.8824764402121898
1206,35.62581,0.9576133029018584,0.8826300935131446
1207,35.63268,0.9577979668685426,0.8827837468140993
1208,35.59175,0.9566977781994912,0.8829374001150542
1209,35.526,0.9549304338312988,0.8830910534160089
1210,35.48159,0.9537367035896039,0.8832447067169638
1211,35.43449,0.9524706667874462,0.8833983600179185
1212,35.45241,0.9529523521270359,0.8835520133188732
1213,35.46309,0.9532394279879073,0.8837056666198281
1214,35.41648,0.9519865622692539,0.8838593199207828
1215,35.32725,0.9495880810833404,0.8840129732217377
1216,35.28664,0.9484964939382103,0.8841666265226924
1217,35.30222,0.9489152806341257,0.8843202798236471
1218,35.28955,0.9485747140463691,0.884473933124602
1219,35.27092,0.9480739440755793,0.8846275864255567
1220,35.20739,0.9463662727795904,0.8847812397265116
1221,35.1616,0.9451354484659853,0.8849348930274663
1222,35.11889,0.9439874138201222,0.885088546328421
1223,35.13604,0.9444484017427762,0.8852421996293759
1224,35.14978,0.9448177296761445,0.8853958529303306
1225,35.09308,0.9432936471563496,0.8855495062312855
1226,35.01505,0.9411962193076795,0.8857031595322402
1227,34.9678,0.9399261505411836,0.885856812833195
1228,34.92524,0.9387821478596586,0.8860104661341498
1229,34.97386,0.9400890419004422,0.8861641194351045
1230,34.96049,0.9397296594791078,0.8863177727360594
1231,34.90107,0.9381324640059822,0.8864714260370141
1232,34.8472,0.9366844512133659,0.8866250793379689
1233,34.80274,0.9354893769835584,0.8867787326389237
1234,34.80428,0.9355307718174293,0.8869323859398784
1235,34.80455,0.9355380293532378,0.8870860392408333
1236,34.77025,0.9346160535079298,0.887239692541788
1237,34.7116,0.9330395554517398,0.8873933458427428
1238,34.65514,0.931521924074886,0.8875469991436976
1239,34.61021,0.9303142163568191,0.8877006524446523
1240,34.57349,0.9293271914868566,0.8878543057456072
1241,34.56794,0.9291780088063476,0.8880079590465619
1242,34.51742,0.9278200432172817,0.8881616123475167
1243,34.4678,0.9264862694142442,0.8883152656484715
1244,34.42847,0.9254290883647991,0.8884689189494263
1245,34.37492,0.923989677096104,0.8886225722503811
1246,34.36763,0.9237937236292731,0.8887762255513358
1247,34.33567,0.9229346464276392,0.8889298788522906
1248,34.29802,0.9219226233787807,0.8890835321532454
1249,34.25676,0.9208135643881856,0.8892371854542002
1250,34.21637,0.9197278907907513,0.889390838755155
1251,34.24697,0.92055041151572,0.8895444920561097
1252,34.27064,0.9211866554882695,0.8896981453570645
1253,34.22684,0.9200093219015496,0.8898517986580193
1254,34.14926,0.9179239899458936,0.8900054519589741
1255,34.0965,0.916505813689379,0.8901591052599289
1256,34.05117,0.9152873540664106,0.8903127585608837
1257,34.08159,0.9161050364341736,0.8904664118618384
1258,34.06703,0.9157136670957573,0.8906200651627932
1259,34.03348,0.9148118510721395,0.890773718463748
1260,33.95771,0.9127751714861632,0.8909273717647028
1261,33.92724,0.9119561451302874,0.8910810250656576
1262,33.87688,0.9106024803031821,0.8912346783666123
1263,33.917,0.9116808963648078,0.8913883316675671
1264,33.90395,0.9113301154673947,0.8915419849685219
1265,33.85493,0.9100124695217096,0.8916956382694767
1266,33.79396,0.9083736104170904,0.8918492915704315
1267,33.73827,0.906876676457172,0.8920029448713862
1268,33.74231,0.9069852706966778,0.892156598172341
1269,33.72984,0.9066500800613718,0.8923102514732958
1270,33.71532,0.9062597859134455,0.8924639047742506
1271,33.65351,0.9045983478085331,0.8926175580752054
1272,33.61068,0.9034470875911996,0.8927712113761601
1273,33.57228,0.9024149047206507,0.892924864677115
1274,33.57907,0.9025974183063545,0.8930785179780697
1275,33.57215,0.9024114103515577,0.8932321712790245
1276,33.55627,0.901984559726966,0.8933858245799793
1277,33.46617,0.8995626931478915,0.893539477880934
1278,33.42138,0.8983587485965403,0.8936931311818889
1279,33.37209,0.8970338451150467,0.8938467844828436
1280,33.37127,0.8970118037099986,0.8940004377837985
1281,33.36883,0.896946217090099,0.8941540910847532
1282,33.31268,0.8954369184395438,0.8943077443857079
1283,33.24994,0.8937504821557354,0.8944613976866628
1284,33.19597,0.8922997813868936,0.8946150509876175
1285,33.15319,0.8911498651576726,0.8947687042885724
1286,33.15284,0.8911404572408836,0.8949223575895271
1287,33.14482,0.8909248815476077,0.8950760108904818
1288,33.09256,0.8895201451722199,0.8952296641914366
1289,33.01503,0.8874361572046767,0.8953833174923914
1290,32.96568,0.8861096409374477,0.8955369707933463
1291,32.97936,0.8864773560850808,0.895690624094301
1292,32.99866,0.8869961354965807,0.8958442773952557
1293,32.97445,0.8863453764524142,0.8959979306962105
1294,32.89625,0.8842433790441611,0.8961515839971653
1295,32.83465,0.8825875856893222,0.8963052372981202
1296,32.78696,0.8813056898274345,0.8964588905990749
1297,32.80254,0.88172447652335,0.8966125439000296
1298,32.7995,0.8816427620460983,0.8967661972009844
1299,32.78246,0.8811847308972921,0.8969198505019392
1300,32.70775,0.8791765438593048,0.8970735038028941
1301,32.66961,0.8781513497269419,0.8972271571038488
1302,32.62261,0.8768880009010096,0.8973808104048036
1303,32.66275,0.8779669545578803,0.8975344637057583
1304,32.62476,0.8769457923898555,0.8976881170067131
1305,32.5949,0.8761431626889546,0.8978417703076679
1306,32.51044,0.873872897968992,0.8979954236086227
1307,32.44765,0.872185117697071,0.8981490769095775
1308,32.40626,0.871072564337383,0.8983027302105322
1309,32.46744,0.8727170681920753,0.898456383511487
1310,32.41526,0.8713144821976678,0.8986100368124418
1311,32.40241,0.8709690772527056,0.8987636901133966
1312,32.33372,0.8691227063834865,0.8989173434143514
1313,32.26975,0.8674032079921059,0.8990709967153061
1314,32.24757,0.866807014865315,0.899224650016261
1315,32.27242,0.8674749769573237,0.8993783033172157
1316,32.24324,0.8666906254947555,0.8995319566181705
1317,32.19757,0.8654630267526209,0.8996856099191253
1318,32.19237,0.8653232519889007,0.89983926322008
1319,32.13623,0.8638142221359679,0.8999929165210349
1320,32.11633,0.8632793148671157,0.9001465698219896
1321,32.11773,0.8633169465342713,0.9003002231229444
1322,32.0911,0.8626011384654504,0.9004538764238992
1323,32.03877,0.861194520506705,0.9006075297248539
1324,32.04382,0.861330263306087,0.9007611830258088
1325,31.95911,0.8590532786455609,0.9009148363267635
1326,31.92181,0.8580506635134914,0.9010684896277183
1327,31.92775,0.8582103293012793,0.9012221429286731
1328,31.91824,0.857954702762245,0.9013757962296278
1329,31.81003,0.8550460436887527,0.9015294495305827
1330,31.75261,0.853502607740135,0.9016831028315374
1331,31.70298,0.852168565139475,0.9018367561324923
1332,31.74016,0.8531679547000742,0.901990409433447
1333,31.73985,0.8531596219737755,0.9021440627344017
1334,31.70103,0.8521161496030799,0.9022977160353566
1335,31.60213,0.8494577411161712,0.9024513693363113
1336,31.56418,0.8484376541386366,0.9026050226372662
1337,31.50102,0.8467399283546816,0.9027586759382209
1338,31.6088,0.8496370291304046,0.9029123292391756
1339,31.54807,0.8480046211687265,0.9030659825401305
1340,31.51685,0.8471654349911606,0.9032196358410852
1341,31.48753,0.8463773203618767,0.9033732891420401
1342,31.39402,0.8438637937935166,0.9035269424429948
1343,31.35543,0.8428265037681394,0.9036805957439495
1344,31.39267,0.8438275061144738,0.9038342490449044
1345,31.36872,0.8431837358084935,0.9039879023458591
1346,31.31227,0.8416663732292621,0.904141555646814
1347,31.26543,0.8404073251652903,0.9042952089477687
1348,31.18686,0.838295382245003,0.9044488622487235
1349,31.15638,0.8374760870915048,0.9046025155496783
1350,31.1851,0.8382480738634361,0.904756168850633
1351,31.17469,0.8379682555383733,0.9049098221515879
1352,31.14486,0.8371664322303402,0.9050634754525426
1353,31.05208,0.8346725278884253,0.9052171287534974
1354,30.99726,0.8331989793216676,0.9053707820544522
1355,31.01811,0.833759422364661,0.9055244353554069
1356,30.98132,0.8327705159113408,0.9056780886563618
1357,30.9215,0.8311625685333138,0.9058317419573165
